ID, LABEL, 1, 2, 3, 4, 5, 6, 7, 8, 9, 10, 11, 12, 13, 14, 15, 16, 17, 18, 19, 20, 21, 22, 23, 24, 25, 26, 27, 28, 29, 30, 31, 32, 33, 34, 35, 36, 37, 38, 39, 40, 41, 42, 43, 44, 45, 46, 47, 48, 49, 50, 51, 52, 53, 54, 55, 56, 57, 58
HANDEL-Menuet02-1759.mid, HANDEL, 1.63888888889, 0.508416811603, 2, 0, 0.127659574468, 0.0, 0.0212765957447, 0.191489361702, 0.170212765957, 0.0425531914894, 0.0425531914894, 0.212765957447, 0.0851063829787, 0.106382978723, 0.0, 0.0, 0.25, 0.0648148148148, 0.0, 0.037037037037, 0.0648148148148, 0.212962962963, 0.0185185185185, 0.037037037037, 0.101851851852, 0.0462962962963, 0.166666666667, 0.0, 29, 61, 12, 4.25352112676, 3.87377717138, 0.0, 0.0, 0.0, 0.0, 0.0, 0.0, 0.0, 0.0, 0.0, 0.0, 0.030193236715, 0.0, 2.0229468599, 0.0, 0.030193236715, 0.0, 0.0, 0.0, 0.0, 0.0, 0.0, 0.0, 0.0, 0.0, 0.0
BACH-WTK_Fugue1-1750.mid, BACH, 1.72373540856, 0.464226958815, 2, 0, 0.106382978723, 0.0106382978723, 0.101063829787, 0.101063829787, 0.132978723404, 0.11170212766, 0.0478723404255, 0.154255319149, 0.0531914893617, 0.132978723404, 0.031914893617, 0.0159574468085, 0.146031746032, 0.0126984126984, 0.165079365079, 0.0, 0.146031746032, 0.0730158730159, 0.031746031746, 0.120634920635, 0.0126984126984, 0.15873015873, 0.0190476190476, 0.114285714286, 40, 67, 21, 5.77647058824, 5.03410284607, 0.0, 0.0, 0.0, 0.0, 0.0, 0.0, 0.0, 0.0576416337286, 0.0, 0.0576416337286, 0.139986824769, 0.0, 1.49044795784, 0.107048748353, 0.131752305665, 0.00823451910408, 0.0823451910408, 0.0, 0.00823451910408, 0.0, 0.0, 0.0, 0.0, 0.0, 0.0
MOZART-Fugue41-1777.mid, MOZART, 1.64814814815, 0.496558802881, 2, 0, 0.154929577465, 0.0, 0.056338028169, 0.112676056338, 0.0704225352113, 0.0704225352113, 0.112676056338, 0.12676056338, 0.112676056338, 0.0704225352113, 0.0845070422535, 0.0281690140845, 0.0769230769231, 0.0692307692308, 0.161538461538, 0.00769230769231, 0.0923076923077, 0.0, 0.146153846154, 0.184615384615, 0.0153846153846, 0.115384615385, 0.00769230769231, 0.123076923077, 38, 69, 24, 6.45794392523, 6.06395875419, 0.0, 0.0, 0.0, 0.0, 0.0, 0.0, 0.0, 0.0595238095238, 0.0, 0.0396825396825, 0.218253968254, 0.0, 1.46825396825, 0.0396825396825, 0.0992063492063, 0.0396825396825, 0.0992063492063, 0.0198412698413, 0.0, 0.0, 0.0, 0.0, 0.0, 0.0, 0.0
BACH-WTK_Fuga3-1750.mid, BACH, 1.13567839196, 0.409293320488, 2, 0, 0.0520833333333, 0.0104166666667, 0.0625, 0.145833333333, 0.114583333333, 0.0625, 0.0625, 0.1875, 0.0520833333333, 0.104166666667, 0.125, 0.0208333333333, 0.114617940199, 0.121262458472, 0.0249169435216, 0.119601328904, 0.0116279069767, 0.134551495017, 0.0813953488372, 0.0514950166113, 0.182724252492, 0.00332225913621, 0.137873754153, 0.0166112956811, 37, 66, 15, 1.1116838488, 2.80516844715, 0.0, 0.0, 0.0, 0.0, 0.0, 0.00362950058072, 0.0, 0.0181475029036, 0.00725900116144, 0.0181475029036, 0.177845528455, 0.0108885017422, 1.62238675958, 0.00725900116144, 0.174216027875, 0.0145180023229, 0.00362950058072, 0.0181475029036, 0.0, 0.00362950058072, 0.00362950058072, 0.0, 0.0, 0.0, 0.0
BURGMULLER-LaCandeur-1874.mid, BURG, 1.38028169014, 0.861806114973, 3, 0, 0.0, 0.0, 0.0222222222222, 0.222222222222, 0.222222222222, 0.133333333333, 0.0444444444444, 0.133333333333, 0.111111111111, 0.0444444444444, 0.0666666666667, 0.0, 0.309278350515, 0.0, 0.0721649484536, 0.0, 0.123711340206, 0.113402061856, 0.0103092783505, 0.19587628866, 0.0412371134021, 0.0515463917526, 0.0, 0.0824742268041, 47, 68, 10, 2.13636363636, 3.51570659149, 0.0, 0.0, 0.0, 0.0320512820513, 0.0, 0.0, 0.0320512820513, 0.0, 0.0961538461538, 0.0, 0.128205128205, 0.0, 1.57051282051, 0.0, 0.128205128205, 0.0, 0.0961538461538, 0.0, 0.0, 0.0, 0.0, 0.0, 0.0, 0.0, 0.0
BURGMULLER-Consolation-1874.mid, BURG, 1.52777777778, 0.68662261635, 3, 0, 0.0, 0.0, 0.0869565217391, 0.152173913043, 0.260869565217, 0.152173913043, 0.0652173913043, 0.0652173913043, 0.0434782608696, 0.0652173913043, 0.108695652174, 0.0, 0.13829787234, 0.0106382978723, 0.0851063829787, 0.0106382978723, 0.212765957447, 0.127659574468, 0.0106382978723, 0.297872340426, 0.0, 0.031914893617, 0.0, 0.0744680851064, 48, 71, 10, 3.08823529412, 3.36388821821, 0.0, 0.0, 0.0310945273632, 0.0, 0.0, 0.0, 0.0310945273632, 0.0310945273632, 0.0, 0.0, 0.0621890547264, 0.0310945273632, 1.71019900498, 0.0, 0.155472636816, 0.0, 0.0, 0.0, 0.0310945273632, 0.0, 0.0, 0.0, 0.0, 0.0, 0.0
BEETHOVEN-Sonata_Presto-1796.mid, BEETHOVEN, 1.42804878049, 0.657744555325, 3, 0, 0.126168224299, 0.00233644859813, 0.105140186916, 0.217289719626, 0.0420560747664, 0.0467289719626, 0.10046728972, 0.0607476635514, 0.0864485981308, 0.189252336449, 0.0233644859813, 0.0, 0.160826594789, 0.0539083557951, 0.0799640610961, 0.0440251572327, 0.0862533692722, 0.123989218329, 0.0332434860737, 0.115004492363, 0.0350404312668, 0.143755615454, 0.104222821204, 0.0197663971249, 51, 89, 12, 2.51897184823, 3.94980066063, 0.0, 0.0, 0.0, 0.0, 0.00255310457516, 0.0, 0.00765931372549, 0.0, 0.00510620915033, 0.00255310457516, 0.114889705882, 0.0, 1.81525735294, 0.0, 0.119995915033, 0.00255310457516, 0.0102124183007, 0.0, 0.00255310457516, 0.0, 0.0, 0.0, 0.0, 0.0, 0.0
JOPLIN-Entertainer-1902.mid, JOPLIN, 1.89303482587, 0.96892064058, 4, 0, 0.255439924314, 0.0113528855251, 0.00567644276254, 0.225165562914, 0.0955534531693, 0.0842005676443, 0.0236518448439, 0.042573320719, 0.081362346263, 0.157048249763, 0.0113528855251, 0.00662251655629, 0.191535150646, 0.00860832137733, 0.158536585366, 0.0294117647059, 0.190100430416, 0.0889526542324, 0.0430416068867, 0.128407460545, 0.00717360114778, 0.0932568149211, 0.0229555236729, 0.0380200860832, 60, 90, 17, 5.67173637516, 5.66177896879, 0.0, 0.0, 0.0, 0.0, 0.0, 0.0, 0.0105887335875, 0.0608852181279, 0.0132359169843, 0.0344133841593, 0.381194409149, 0.0079415501906, 1.05887335875, 0.00264718339687, 0.375900042355, 0.0555908513342, 0.0370605675561, 0.0344133841593, 0.0079415501906, 0.00264718339687, 0.0, 0.0, 0.0, 0.0, 0.0
BACH-IchDankDirLieverHerre-1784.mid, BACH, 1.94666666667, 0.277768888747, 2, 0, 0.152777777778, 0.0, 0.0277777777778, 0.194444444444, 0.208333333333, 0.0555555555556, 0.0138888888889, 0.180555555556, 0.0416666666667, 0.0416666666667, 0.0833333333333, 0.0, 0.0, 0.166666666667, 0.133333333333, 0.0166666666667, 0.208333333333, 0.0, 0.108333333333, 0.00833333333333, 0.0916666666667, 0.116666666667, 0.00833333333333, 0.141666666667, 40, 78, 19, 9.05405405405, 4.87101713084, 0.0, 0.0, 0.0, 0.0, 0.0, 0.0, 0.0, 0.0, 0.0, 0.0289351851852, 0.347222222222, 0.0, 1.3599537037, 0.0, 0.318287037037, 0.0289351851852, 0.0, 0.0, 0.0, 0.0, 0.0, 0.0, 0.0, 0.0, 0.0
SCHUMANN-op68n03_chanson_fredonnee-1848.mid, SCHUMANN, 1.24369747899, 0.448459296273, 2, 0, 0.0, 0.0, 0.0, 0.0333333333333, 0.133333333333, 0.333333333333, 0.0, 0.3, 0.0666666666667, 0.1, 0.0333333333333, 0.0, 0.134453781513, 0.0, 0.260504201681, 0.0, 0.109243697479, 0.117647058824, 0.0252100840336, 0.218487394958, 0.0, 0.0756302521008, 0.0, 0.0588235294118, 62, 81, 10, 1.56779661017, 2.82986138955, 0.0, 0.0, 0.0, 0.0, 0.0, 0.0, 0.0, 0.0, 0.0359195402299, 0.0, 0.0538793103448, 0.0, 1.86781609195, 0.0, 0.10775862069, 0.0, 0.0179597701149, 0.0, 0.0, 0.0, 0.0, 0.0, 0.0, 0.0, 0.0
BURGMULLER-LArabesque-1874.mid, BURG, 1.78787878788, 1.09427091426, 3, 0, 0.0, 0.0, 0.031007751938, 0.248062015504, 0.248062015504, 0.108527131783, 0.031007751938, 0.22480620155, 0.062015503876, 0.015503875969, 0.031007751938, 0.0, 0.180790960452, 0.0112994350282, 0.112994350282, 0.00564971751412, 0.231638418079, 0.0790960451977, 0.0, 0.045197740113, 0.0225988700565, 0.254237288136, 0.0, 0.0564971751412, 45, 69, 10, 3.7, 3.79312243116, 0.0, 0.0, 0.0, 0.0, 0.0, 0.0, 0.0236742424242, 0.0, 0.142045454545, 0.0, 0.0, 0.0, 1.70454545455, 0.0, 0.0710227272727, 0.0, 0.142045454545, 0.0, 0.0, 0.0, 0.0, 0.0, 0.0, 0.0, 0.0
MOZART-FugueGMinor-1782.mid, MOZART, 1.21693121693, 0.4370767498, 2, 0, 0.046511627907, 0.0, 0.0, 0.186046511628, 0.255813953488, 0.0, 0.116279069767, 0.139534883721, 0.116279069767, 0.116279069767, 0.0232558139535, 0.0, 0.148514851485, 0.029702970297, 0.133663366337, 0.0544554455446, 0.039603960396, 0.0841584158416, 0.0346534653465, 0.148514851485, 0.0148514851485, 0.133663366337, 0.128712871287, 0.049504950495, 42, 65, 15, 1.44919786096, 2.97787508104, 0.0, 0.0, 0.0, 0.0, 0.0, 0.0, 0.0115101289134, 0.0575506445672, 0.0230202578269, 0.0460405156538, 0.207182320442, 0.0230202578269, 1.34668508287, 0.0115101289134, 0.218692449355, 0.0345303867403, 0.0690607734807, 0.0345303867403, 0.0, 0.0, 0.0, 0.0, 0.0, 0.0, 0.0
Joplin-TheStrenuousLife-1902.mid, JOPLIN, 1.70168067227, 0.801310186929, 4, 0, 0.244851258581, 0.0, 0.0114416475973, 0.176201372998, 0.12356979405, 0.0526315789474, 0.148741418764, 0.0389016018307, 0.0800915331808, 0.0892448512586, 0.0297482837529, 0.0045766590389, 0.180878552972, 0.0297157622739, 0.129198966408, 0.0116279069767, 0.124031007752, 0.0801033591731, 0.0413436692506, 0.127906976744, 0.0116279069767, 0.107235142119, 0.0762273901809, 0.0801033591731, 59, 89, 12, 4.58547008547, 5.0003378511, 0.0, 0.0, 0.0, 0.0, 0.0, 0.0, 0.0, 0.0135869565217, 0.0226449275362, 0.0724637681159, 0.339673913043, 0.018115942029, 1.15489130435, 0.0317028985507, 0.335144927536, 0.0317028985507, 0.0317028985507, 0.0317028985507, 0.0, 0.0, 0.0, 0.0, 0.0, 0.0, 0.0
BACH-PolonaiseFMaj-1784.mid, BACH, 1.03174603175, 0.175323190749, 2, 1, 0.0, 0.0, 0.25, 0.0, 0.25, 0.0, 0.0, 0.25, 0.0, 0.25, 0.0, 0.0, 0.147286821705, 0.0, 0.093023255814, 0.0, 0.0542635658915, 0.162790697674, 0.0, 0.201550387597, 0.0, 0.186046511628, 0.139534883721, 0.015503875969, 65, 82, 9, 0.174603174603, 1.07702828277, 0.0, 0.0, 0.0, 0.0, 0.0168010752688, 0.0, 0.0, 0.0, 0.134408602151, 0.0, 0.520833333333, 0.201612903226, 0.823252688172, 0.0, 0.168010752688, 0.0, 0.0168010752688, 0.0, 0.0168010752688, 0.168010752688, 0.0, 0.0168010752688, 0.0, 0.0, 0.0
MOZART-FugueEflatmaj-1782.mid, MOZART, 1.17079207921, 0.495562852651, 2, 0, 0.0888888888889, 0.0, 0.0222222222222, 0.2, 0.211111111111, 0.0111111111111, 0.0888888888889, 0.0555555555556, 0.111111111111, 0.111111111111, 0.1, 0.0, 0.124716553288, 0.0226757369615, 0.102040816327, 0.149659863946, 0.00680272108844, 0.108843537415, 0.00680272108844, 0.140589569161, 0.126984126984, 0.0408163265306, 0.151927437642, 0.0181405895692, 36, 67, 22, 1.72845953003, 3.69805530403, 0.0, 0.0, 0.00554078014184, 0.0, 0.0110815602837, 0.0, 0.0941932624113, 0.0110815602837, 0.0, 0.0110815602837, 0.0443262411348, 0.0110815602837, 1.60128546099, 0.0, 0.138519503546, 0.0110815602837, 0.127437943262, 0.00554078014184, 0.00554078014184, 0.0, 0.00554078014184, 0.0, 0.0, 0.0, 0.0
CHOPIN-Sonata2-1837.mid, CHOPIN, 1.0, 0.081468816989, 2, 0, 1.0, 0.0, 0.0, 0.0, 0.0, 0.0, 0.0, 0.0, 0.0, 0.0, 0.0, 0.0, 0.110619469027, 0.120575221239, 0.0353982300885, 0.111725663717, 0.0530973451327, 0.131637168142, 0.091814159292, 0.0497787610619, 0.0641592920354, 0.0652654867257, 0.118362831858, 0.0475663716814, 41, 94, 12, 0.0399556048835, 0.691282003411, 0.0, 0.0, 0.0, 0.0, 0.0, 0.0, 0.0046347793845, 0.0, 0.0, 0.0, 0.0, 0.0, 2.07174638487, 0.0, 0.0, 0.0, 0.0, 0.0, 0.00695216907675, 0.0, 0.0, 0.0, 0.0, 0.0, 0.0
BEETHOVEN-Sonata_Allegro-1794.mid, BEETHOVEN, 1.10139416984, 0.610313209304, 5, 0, 0.225130890052, 0.0157068062827, 0.0157068062827, 0.115183246073, 0.109947643979, 0.141361256545, 0.13612565445, 0.0628272251309, 0.0628272251309, 0.109947643979, 0.00523560209424, 0.0, 0.162878787879, 0.106060606061, 0.0378787878788, 0.0744949494949, 0.0744949494949, 0.152777777778, 0.0151515151515, 0.109848484848, 0.113636363636, 0.0176767676768, 0.0972222222222, 0.0378787878788, 51, 89, 14, 1.46348314607, 3.40130728375, 0.00294672324375, 0.0206270627063, 0.0, 0.0147336162188, 0.011786892975, 0.0618811881188, 0.00884016973126, 0.0265205091938, 0.00589344648751, 0.100188590288, 0.109028760019, 0.0324139556813, 1.27593116455, 0.0766148043376, 0.132602545969, 0.0206270627063, 0.02357378595, 0.0500942951438, 0.00884016973126, 0.0471475719, 0.0, 0.0206270627063, 0.0324139556813, 0.0, 0.0
BACH-Sinfonia1-1750.mid, BACH, 1.66165413534, 0.481026753435, 2, 0, 0.0225988700565, 0.0338983050847, 0.101694915254, 0.135593220339, 0.0960451977401, 0.135593220339, 0.0621468926554, 0.129943502825, 0.0734463276836, 0.124293785311, 0.0677966101695, 0.0169491525424, 0.12543554007, 0.01393728223, 0.128919860627, 0.00348432055749, 0.149825783972, 0.114982578397, 0.0452961672474, 0.132404181185, 0.0, 0.1393728223, 0.0278745644599, 0.118466898955, 60, 84, 17, 4.16603773585, 3.91739918517, 0.0, 0.0, 0.0, 0.0, 0.0, 0.0, 0.0, 0.0318066157761, 0.00795165394402, 0.0, 0.0795165394402, 0.0, 1.82888040712, 0.0, 0.0954198473282, 0.015903307888, 0.00795165394402, 0.015903307888, 0.0, 0.0, 0.0, 0.0, 0.0, 0.0, 0.0
BACH-Sinfonia5-1750.mid, BACH, 1.79761904762, 0.444001338071, 2, 0, 0.0, 0.021897810219, 0.0656934306569, 0.204379562044, 0.175182481752, 0.0656934306569, 0.021897810219, 0.0875912408759, 0.0875912408759, 0.21897810219, 0.043795620438, 0.00729927007299, 0.195744680851, 0.0340425531915, 0.0936170212766, 0.0978723404255, 0.0297872340426, 0.136170212766, 0.0, 0.140425531915, 0.114893617021, 0.00851063829787, 0.140425531915, 0.00851063829787, 58, 82, 11, 4.75757575758, 3.28477021041, 0.0, 0.0, 0.0, 0.0, 0.0, 0.0, 0.268404907975, 0.0, 0.0, 0.677402862986, 0.0, 0.204498977505, 0.0, 0.0, 0.0, 0.472903885481, 0.204498977505, 0.0, 0.255623721881, 0.0, 0.0, 0.0, 0.0, 0.0, 0.0
BEETHOVEN-MenuettOp81-1785.mid, BEETHOVEN, 1.61797752809, 1.00678170064, 4, 0, 0.1875, 0.00892857142857, 0.0758928571429, 0.138392857143, 0.120535714286, 0.178571428571, 0.0401785714286, 0.0446428571429, 0.0491071428571, 0.0848214285714, 0.0669642857143, 0.00446428571429, 0.0987261146497, 0.031847133758, 0.0732484076433, 0.229299363057, 0.00636942675159, 0.108280254777, 0.0, 0.124203821656, 0.108280254777, 0.0254777070064, 0.187898089172, 0.00636942675159, 55, 89, 14, 4.74626865672, 5.20622460467, 0.0, 0.0, 0.0, 0.0, 0.0105218855219, 0.0, 0.0210437710438, 0.0105218855219, 0.126262626263, 0.094696969697, 0.131523569024, 0.0105218855219, 1.26262626263, 0.0105218855219, 0.157828282828, 0.094696969697, 0.11047979798, 0.0210437710438, 0.0105218855219, 0.0, 0.0105218855219, 0.0, 0.0, 0.0, 0.0
JOPLIN-SomethingDoing-1903.mid, JOPLIN, 1.36575052854, 0.72076591656, 4, 0, 0.228215767635, 0.0, 0.0497925311203, 0.165975103734, 0.182572614108, 0.045643153527, 0.0746887966805, 0.0539419087137, 0.0954356846473, 0.0746887966805, 0.0165975103734, 0.0124481327801, 0.166666666667, 0.0222222222222, 0.126984126984, 0.0349206349206, 0.0587301587302, 0.106349206349, 0.0238095238095, 0.126984126984, 0.015873015873, 0.163492063492, 0.126984126984, 0.0269841269841, 60, 88, 15, 2.43010752688, 4.37440711672, 0.0, 0.0, 0.0, 0.0, 0.0, 0.0, 0.0135281385281, 0.0225468975469, 0.036075036075, 0.0270562770563, 0.320165945166, 0.0180375180375, 1.19949494949, 0.0135281385281, 0.333694083694, 0.0225468975469, 0.0405844155844, 0.0315656565657, 0.00450937950938, 0.0, 0.0, 0.0, 0.0, 0.0, 0.0
CHOPIN-NocturneNo1Bbminor-1827.mid, CHOPIN, 1.04919678715, 0.373022708685, 6, 0, 0.294736842105, 0.0, 0.0105263157895, 0.0421052631579, 0.252631578947, 0.0947368421053, 0.0105263157895, 0.105263157895, 0.0631578947368, 0.0631578947368, 0.0631578947368, 0.0, 0.039331366765, 0.248770894789, 0.047197640118, 0.0560471976401, 0.0117994100295, 0.128810226155, 0.0599803343166, 0.0255653883972, 0.201573254671, 0.0619469026549, 0.115044247788, 0.0039331366765, 34, 72, 28, 0.383299798793, 2.67956023162, 0.0, 0.0, 0.0, 0.0, 0.0, 0.0021001344086, 0.0, 0.0, 0.0, 0.0021001344086, 0.0042002688172, 0.0, 2.07073252688, 0.0, 0.0, 0.0, 0.0, 0.0021001344086, 0.0, 0.0021001344086, 0.0, 0.0, 0.0, 0.0, 0.0
SCHUMANN-Op15No02-1900.mid, SCHUMANN, 1.77990430622, 0.67019813569, 3, 0, 0.03125, 0.0, 0.0729166666667, 0.135416666667, 0.09375, 0.1875, 0.0572916666667, 0.213541666667, 0.104166666667, 0.0625, 0.0416666666667, 0.0, 0.0130718954248, 0.0326797385621, 0.107843137255, 0.0294117647059, 0.130718954248, 0.0196078431373, 0.150326797386, 0.0980392156863, 0.0130718954248, 0.366013071895, 0.0, 0.0392156862745, 45, 69, 12, 5.85483870968, 2.59971115554, 0.0, 0.0, 0.0, 0.0, 0.0, 0.0, 0.0, 0.0, 0.0, 0.274725274725, 0.0915750915751, 0.228937728938, 1.12179487179, 0.0686813186813, 0.0, 0.0228937728938, 0.274725274725, 0.0, 0.0, 0.0, 0.0, 0.0, 0.0, 0.0, 0.0
BACH-Sinfonia2-1750.mid, BACH, 1.58722358722, 0.497298754016, 2, 0, 0.0666666666667, 0.025, 0.0625, 0.158333333333, 0.125, 0.108333333333, 0.0958333333333, 0.108333333333, 0.0708333333333, 0.120833333333, 0.05, 0.00833333333333, 0.130151843818, 0.00650759219089, 0.156182212581, 0.140997830803, 0.0130151843818, 0.112798264642, 0.0195227765727, 0.156182212581, 0.0650759219089, 0.0520607375271, 0.117136659436, 0.0303687635575, 55, 84, 22, 4.72660098522, 5.28792953731, 0.0, 0.0, 0.0, 0.0, 0.00523450586265, 0.0, 0.0104690117253, 0.0209380234506, 0.0, 0.0209380234506, 0.172738693467, 0.0, 1.6541038526, 0.0, 0.125628140704, 0.0157035175879, 0.0157035175879, 0.0157035175879, 0.0104690117253, 0.0104690117253, 0.00523450586265, 0.0, 0.0, 0.0, 0.0
HANDEL-Toccata-1759.mid, HANDEL, 1.02142857143, 0.252639131198, 2, 0, 0.0, 0.0, 0.0, 0.0, 0.166666666667, 0.0, 0.0, 0.333333333333, 0.333333333333, 0.166666666667, 0.0, 0.0, 0.13986013986, 0.020979020979, 0.174825174825, 0.034965034965, 0.027972027972, 0.0559440559441, 0.0559440559441, 0.167832167832, 0.0, 0.125874125874, 0.167832167832, 0.027972027972, 38, 67, 9, 0.313868613139, 1.50304714739, 0.0, 0.0, 0.0, 0.0, 0.0, 0.0, 0.0, 0.0, 0.0, 0.0308641975309, 0.185185185185, 0.0, 1.6512345679, 0.0, 0.185185185185, 0.0308641975309, 0.0, 0.0, 0.0, 0.0, 0.0, 0.0, 0.0, 0.0, 0.0
SCHUMANN-romanze_op28no2-1856.mid, SCHUMANN, 1.03896103896, 0.339654463133, 2, 0, 1.0, 0.0, 0.0, 0.0, 0.0, 0.0, 0.0, 0.0, 0.0, 0.0, 0.0, 0.0, 0.0, 0.0886075949367, 0.0, 0.0379746835443, 0.0126582278481, 0.0126582278481, 0.240506329114, 0.0, 0.227848101266, 0.0126582278481, 0.253164556962, 0.113924050633, 53, 70, 12, 0.972972972973, 3.27551511514, 0.0, 0.0, 0.0297619047619, 0.0297619047619, 0.0, 0.0, 0.238095238095, 0.0, 0.0, 0.0, 0.47619047619, 0.119047619048, 0.327380952381, 0.0, 0.47619047619, 0.119047619048, 0.238095238095, 0.0, 0.0, 0.0, 0.0, 0.0, 0.0297619047619, 0.0, 0.0
CHOPIN-Nocturne19-1827.mid, CHOPIN, 1.02522255193, 0.174702870337, 3, 0, 0.105263157895, 0.0526315789474, 0.105263157895, 0.157894736842, 0.157894736842, 0.210526315789, 0.105263157895, 0.0, 0.105263157895, 0.0, 0.0, 0.0, 0.0785185185185, 0.0503703703704, 0.0311111111111, 0.0281481481481, 0.179259259259, 0.0162962962963, 0.152592592593, 0.08, 0.0266666666667, 0.0355555555556, 0.0222222222222, 0.299259259259, 30, 67, 13, 0.145616641902, 1.05264795178, 0.0, 0.0, 0.0, 0.0, 0.0, 0.0, 0.0, 0.0, 0.0, 0.0, 0.0, 0.0, 2.08333333333, 0.0, 0.0, 0.0, 0.0, 0.0, 0.0, 0.0, 0.0, 0.0, 0.0, 0.0, 0.0
BURGMULLER-LaBergeronnete-1874.mid, BURG, 0.983050847458, 0.700883834852, 3, 0, 0.0, 0.0, 0.0, 0.107142857143, 0.392857142857, 0.107142857143, 0.0357142857143, 0.142857142857, 0.107142857143, 0.0357142857143, 0.0714285714286, 0.0, 0.258620689655, 0.0, 0.0862068965517, 0.0, 0.241379310345, 0.0603448275862, 0.0172413793103, 0.206896551724, 0.0172413793103, 0.0603448275862, 0.0, 0.051724137931, 48, 79, 10, 1.34782608696, 2.74033789811, 0.0, 0.0, 0.0, 0.0, 0.0, 0.0, 0.0462962962963, 0.0, 0.0462962962963, 0.0, 0.37037037037, 0.0, 0.99537037037, 0.0, 0.601851851852, 0.0, 0.0231481481481, 0.0, 0.0, 0.0, 0.0, 0.0, 0.0, 0.0, 0.0
JOPLIN-OriginalRags-1907.mid, JOPLIN, 1.76650943396, 0.903197195766, 4, 0, 0.154347826087, 0.0, 0.0369565217391, 0.136956521739, 0.219565217391, 0.121739130435, 0.10652173913, 0.0282608695652, 0.0108695652174, 0.10652173913, 0.0782608695652, 0.0, 0.108144192256, 0.0320427236315, 0.208277703605, 0.0160213618158, 0.086782376502, 0.0173564753004, 0.0734312416555, 0.198931909212, 0.0106809078772, 0.11214953271, 0.00801068090788, 0.128170894526, 31, 71, 12, 4.81862745098, 4.95236585158, 0.0, 0.0, 0.01026272578, 0.0, 0.00513136288998, 0.0, 0.0, 0.01026272578, 0.01539408867, 0.0, 0.12315270936, 0.0, 1.72413793103, 0.0, 0.14880952381, 0.01026272578, 0.0205254515599, 0.0, 0.01026272578, 0.0, 0.0, 0.00513136288998, 0.0, 0.0, 0.0
CHOPIN-EtudeAMoll-1828.mid, CHOPIN, 1.24264705882, 1.24260354953, 4, 0, 0.258964143426, 0.0, 0.0, 0.175298804781, 0.0677290836653, 0.151394422311, 0.0278884462151, 0.127490039841, 0.103585657371, 0.0438247011952, 0.0438247011952, 0.0, 0.128358208955, 0.0149253731343, 0.125373134328, 0.0417910447761, 0.217910447761, 0.089552238806, 0.00298507462687, 0.0328358208955, 0.00298507462687, 0.24776119403, 0.0179104477612, 0.0776119402985, 28, 71, 24, 7.95483870968, 4.76186726114, 0.0, 0.0, 0.0, 0.0, 0.0136165577342, 0.0, 0.0, 0.0, 0.0, 0.0, 0.217864923747, 0.0, 1.60675381264, 0.0, 0.217864923747, 0.0, 0.0, 0.0, 0.0136165577342, 0.0, 0.0136165577342, 0.0, 0.0, 0.0, 0.0
MOZART-SonataCmaj-1777.mid, MOZART, 0.991705069124, 0.419485471121, 4, 0, 0.472527472527, 0.0, 0.0769230769231, 0.043956043956, 0.032967032967, 0.0879120879121, 0.0549450549451, 0.153846153846, 0.043956043956, 0.032967032967, 0.0, 0.0, 0.173872180451, 0.0169172932331, 0.130639097744, 0.015977443609, 0.114661654135, 0.0789473684211, 0.0516917293233, 0.163533834586, 0.0187969924812, 0.107142857143, 0.015037593985, 0.112781954887, 50, 89, 12, 0.673019057172, 2.62145384729, 0.0126903553299, 0.0, 0.0, 0.00211505922166, 0.00846023688663, 0.00423011844332, 0.0317258883249, 0.0655668358714, 0.0571065989848, 0.0761421319797, 0.11421319797, 0.0613367174281, 1.24153976311, 0.0296108291032, 0.120558375635, 0.080372250423, 0.074027072758, 0.00211505922166, 0.0571065989848, 0.0232656514382, 0.0190355329949, 0.00211505922166, 0.0, 0.0, 0.0
HANDEL-Impertinence-1759.mid, HANDEL, 1.01612903226, 0.283522513407, 2, 0, 0.0, 0.0, 0.0, 0.0, 0.666666666667, 0.0, 0.0, 0.333333333333, 0.0, 0.0, 0.0, 0.0, 0.142857142857, 0.0, 0.238095238095, 0.111111111111, 0.0, 0.047619047619, 0.047619047619, 0.174603174603, 0.0, 0.111111111111, 0.126984126984, 0.0, 41, 66, 7, 0.25, 1.13468057179, 0.0, 0.0, 0.0, 0.0, 0.0, 0.0, 0.0359195402299, 0.0, 0.0, 0.0, 0.251436781609, 0.0, 1.50862068966, 0.0, 0.215517241379, 0.0, 0.0718390804598, 0.0, 0.0, 0.0, 0.0, 0.0, 0.0, 0.0, 0.0
CHOPIN-PreludeOp28No4-1838.mid, CHOPIN, 2.97159090909, 0.625490509999, 6, 0, 0.0545454545455, 0.0, 0.02, 0.110909090909, 0.170909090909, 0.147272727273, 0.121818181818, 0.0836363636364, 0.0381818181818, 0.141818181818, 0.105454545455, 0.00545454545455, 0.12810707457, 0.0114722753346, 0.0650095602294, 0.0611854684512, 0.214149139579, 0.0458891013384, 0.074569789675, 0.0803059273423, 0.0305927342256, 0.130019120459, 0.00956022944551, 0.14913957935, 28, 69, 36, 9.80346820809, 3.14699408747, 0.0, 0.0, 0.0, 0.0, 0.0, 0.0, 0.0121832358674, 0.0, 0.0, 0.0, 0.0121832358674, 0.0, 2.03460038986, 0.0, 0.0, 0.0, 0.0, 0.0, 0.0243664717349, 0.0, 0.0, 0.0, 0.0, 0.0, 0.0
JOPLIN-EliteSyncopations-1902.mid, JOPLIN, 1.28118161926, 0.684891919033, 3, 0, 0.277044854881, 0.0, 0.0527704485488, 0.155672823219, 0.12401055409, 0.0184696569921, 0.12401055409, 0.0474934036939, 0.0817941952507, 0.110817941953, 0.00791556728232, 0.0, 0.157031924072, 0.00690250215703, 0.107851596204, 0.0336496980155, 0.0690250215703, 0.175150992235, 0.00345125107852, 0.145815358067, 0.0172562553926, 0.122519413287, 0.144952545298, 0.016393442623, 57, 86, 12, 2.52619324796, 4.37078892988, 0.0, 0.0, 0.0, 0.0, 0.0, 0.0, 0.0, 0.00729288214702, 0.0267405678724, 0.014585764294, 0.320886814469, 0.0316024893038, 1.30785686503, 0.0121548035784, 0.284422403734, 0.0437572928821, 0.0218786464411, 0.0, 0.0121548035784, 0.0, 0.0, 0.0, 0.0, 0.0, 0.0
BEETHOVEN-Symphony05-1809.mid, BEETHOVEN, 1.8045540797, 0.943236253744, 5, 0, 0.401944894652, 0.0, 0.015397082658, 0.167747163695, 0.0721231766613, 0.0599675850891, 0.0583468395462, 0.0964343598055, 0.0559157212318, 0.0356564019449, 0.0348460291734, 0.00162074554295, 0.181666666667, 0.0244444444444, 0.0961111111111, 0.0827777777778, 0.0238888888889, 0.106111111111, 0.0538888888889, 0.211666666667, 0.0661111111111, 0.0444444444444, 0.0633333333333, 0.0455555555556, 26, 69, 32, 7.89123548046, 5.32212584406, 0.0, 0.0, 0.0022210376688, 0.0066631130064, 0.0044420753376, 0.0066631130064, 0.0, 0.0910625444208, 0.0266524520256, 0.0133262260128, 0.0577469793888, 0.0133262260128, 1.6369047619, 0.0288734896944, 0.0355366027008, 0.0022210376688, 0.0577469793888, 0.0732942430704, 0.0088841506752, 0.011105188344, 0.0, 0.0066631130064, 0.0, 0.0, 0.0
BACH-WTK_Fuga4-1750.mid, BACH, 1.66153846154, 0.558897901146, 3, 0, 0.117166212534, 0.0190735694823, 0.0626702997275, 0.122615803815, 0.119891008174, 0.114441416894, 0.0544959128065, 0.147138964578, 0.0899182561308, 0.0817438692098, 0.0626702997275, 0.00817438692098, 0.0385259631491, 0.159128978224, 0.0184254606365, 0.0954773869347, 0.108877721943, 0.0234505862647, 0.134003350084, 0.0150753768844, 0.170854271357, 0.103852596315, 0.0452261306533, 0.0871021775544, 36, 66, 26, 4.66088631985, 4.68719322537, 0.0, 0.0, 0.0, 0.0, 0.0, 0.0, 0.0, 0.00820209973753, 0.0287073490814, 0.0205052493438, 0.23375984252, 0.00820209973753, 1.52969160105, 0.0, 0.168143044619, 0.0205052493438, 0.053313648294, 0.00820209973753, 0.00410104986877, 0.0, 0.0, 0.0, 0.0, 0.0, 0.0
DEBUSSY-Arabesque_1-1918.mid, DEBUSSY, 1.53111432706, 0.725871941328, 3, 0, 0.0259179265659, 0.00647948164147, 0.0561555075594, 0.144708423326, 0.164146868251, 0.207343412527, 0.0626349892009, 0.14686825054, 0.0669546436285, 0.0928725701944, 0.0215982721382, 0.00431965442765, 0.0133689839572, 0.151069518717, 0.048128342246, 0.0521390374332, 0.159090909091, 0.0147058823529, 0.137700534759, 0.0200534759358, 0.143048128342, 0.125668449198, 0.00534759358289, 0.129679144385, 50, 92, 19, 3.18045112782, 3.83108494118, 0.0, 0.0, 0.0, 0.0, 0.0, 0.0129399585921, 0.0226449275362, 0.0291149068323, 0.0194099378882, 0.139104554865, 0.171454451346, 0.0355848861284, 1.24547101449, 0.0129399585921, 0.152044513458, 0.109989648033, 0.0452898550725, 0.0841097308489, 0.00323498964803, 0.0, 0.0, 0.0, 0.0, 0.0, 0.0
BEETHOVEN-Sonata_Allegreto-1796.mid, BEETHOVEN, 1.78145695364, 0.975827308948, 4, 0, 0.0508474576271, 0.00376647834275, 0.0112994350282, 0.269303201507, 0.0677966101695, 0.0790960451977, 0.126177024482, 0.0866290018832, 0.0809792843691, 0.16384180791, 0.0470809792844, 0.0131826741996, 0.129310344828, 0.10775862069, 0.00431034482759, 0.0862068965517, 0.0531609195402, 0.170977011494, 0.0402298850575, 0.0977011494253, 0.155172413793, 0.0244252873563, 0.116379310345, 0.014367816092, 48, 89, 12, 4.64402810304, 4.41784020893, 0.0, 0.00989707046714, 0.0, 0.0, 0.0, 0.00494853523357, 0.00989707046714, 0.0148456057007, 0.0296912114014, 0.0445368171021, 0.390934283452, 0.0643309580364, 1.00950118765, 0.0247426761679, 0.287015043547, 0.06927949327, 0.0494853523357, 0.0247426761679, 0.0, 0.00989707046714, 0.0296912114014, 0.00989707046714, 0.0, 0.0, 0.0
CHOPIN-PreludeOp28No2-1837.mid, CHOPIN, 1.95138888889, 0.296504195003, 2, 0, 0.2, 0.0, 0.0, 0.0357142857143, 0.0214285714286, 0.0142857142857, 0.0714285714286, 0.242857142857, 0.1, 0.214285714286, 0.0642857142857, 0.0357142857143, 0.067615658363, 0.0427046263345, 0.135231316726, 0.0747330960854, 0.131672597865, 0.0355871886121, 0.0604982206406, 0.156583629893, 0.00711743772242, 0.156583629893, 0.0284697508897, 0.103202846975, 28, 62, 12, 8.49645390071, 2.45996054133, 0.0, 0.0, 0.0, 0.0, 0.0149880095923, 0.0, 0.0149880095923, 0.0, 0.0, 0.0, 0.0, 0.0, 2.00839328537, 0.0, 0.0149880095923, 0.0, 0.0, 0.0, 0.0, 0.0, 0.0149880095923, 0.0149880095923, 0.0, 0.0, 0.0
JOPLIN-WallStreetRag-1909.mid, JOPLIN, 2.33417085427, 0.951797131669, 5, 0, 0.085, 0.0075, 0.06, 0.17375, 0.16375, 0.1125, 0.1125, 0.06125, 0.075, 0.12125, 0.0175, 0.01, 0.17037037037, 0.0197530864198, 0.114814814815, 0.0345679012346, 0.130864197531, 0.123456790123, 0.0444444444444, 0.0876543209877, 0.0172839506173, 0.177777777778, 0.0481481481481, 0.0308641975309, 53, 93, 24, 6.30730478589, 4.58958102063, 0.0, 0.0, 0.0, 0.0, 0.0, 0.0, 0.0, 0.0319693094629, 0.0159846547315, 0.0319693094629, 0.330349531117, 0.00532821824382, 1.24680306905, 0.0159846547315, 0.330349531117, 0.0159846547315, 0.0266410912191, 0.0319693094629, 0.0, 0.0, 0.0, 0.0, 0.0, 0.0, 0.0
CHOPIN-MazurkaOp6No1-1830.mid, CHOPIN, 1.36768149883, 0.583283937276, 3, 0, 0.0777777777778, 0.0, 0.0555555555556, 0.0833333333333, 0.0722222222222, 0.144444444444, 0.0333333333333, 0.172222222222, 0.161111111111, 0.127777777778, 0.0388888888889, 0.0333333333333, 0.0255905511811, 0.216535433071, 0.122047244094, 0.00590551181102, 0.0649606299213, 0.0433070866142, 0.167322834646, 0.011811023622, 0.147637795276, 0.0944881889764, 0.00590551181102, 0.0944881889764, 42, 97, 14, 3.06913580247, 3.92084149368, 0.0, 0.0, 0.0, 0.00532821824382, 0.0213128729753, 0.0, 0.138533674339, 0.0, 0.239769820972, 0.234441602728, 0.117220801364, 0.0, 0.479539641944, 0.207800511509, 0.0745950554135, 0.0799232736573, 0.277067348679, 0.0372975277067, 0.143861892583, 0.0213128729753, 0.00532821824382, 0.0, 0.0, 0.0, 0.0
BURGMULLER-Innocence-1874.mid, BURG, 1.58181818182, 0.966547917091, 3, 0, 0.0, 0.0, 0.078431372549, 0.0588235294118, 0.333333333333, 0.078431372549, 0.078431372549, 0.117647058824, 0.0392156862745, 0.137254901961, 0.078431372549, 0.0, 0.264367816092, 0.0114942528736, 0.0689655172414, 0.0, 0.0574712643678, 0.172413793103, 0.0, 0.103448275862, 0.0, 0.16091954023, 0.114942528736, 0.0459770114943, 41, 65, 10, 3.13725490196, 4.00988781733, 0.0, 0.0, 0.0, 0.0, 0.0416666666667, 0.0, 0.0, 0.0416666666667, 0.0, 0.125, 0.125, 0.0, 1.54166666667, 0.0, 0.0833333333333, 0.0416666666667, 0.0, 0.0833333333333, 0.0, 0.0, 0.0, 0.0, 0.0, 0.0, 0.0
BURGMULLER-Progres-1874.mid, BURG, 1.0, 0.3194382825, 2, 0, 0.0, 0.0, 0.0, 0.2, 0.4, 0.0, 0.0, 0.4, 0.0, 0.0, 0.0, 0.0, 0.214285714286, 0.0, 0.112244897959, 0.0204081632653, 0.183673469388, 0.0918367346939, 0.0, 0.122448979592, 0.0408163265306, 0.132653061224, 0.0, 0.0816326530612, 48, 65, 7, 0.268817204301, 1.19262775692, 0.0, 0.0, 0.0, 0.0, 0.0, 0.0457875457875, 0.0228937728938, 0.0, 0.0, 0.0457875457875, 0.137362637363, 0.0, 1.60256410256, 0.0, 0.114468864469, 0.0, 0.0, 0.0457875457875, 0.0457875457875, 0.0228937728938, 0.0, 0.0, 0.0, 0.0, 0.0
SCHUMANN-op68n02_marche_militaire-1900.mid, SCHUMANN, 1.08982035928, 0.940291376075, 3, 0, 0.0, 0.0, 0.0, 0.219512195122, 0.268292682927, 0.121951219512, 0.0487804878049, 0.19512195122, 0.0243902439024, 0.0975609756098, 0.0243902439024, 0.0, 0.0989010989011, 0.010989010989, 0.197802197802, 0.0, 0.120879120879, 0.0, 0.120879120879, 0.274725274725, 0.0, 0.0769230769231, 0.0, 0.0989010989011, 60, 79, 10, 3.66037735849, 3.1439873507, 0.0, 0.0, 0.0, 0.0, 0.0, 0.0, 0.0, 0.0, 0.0, 0.260416666667, 0.0, 0.200320512821, 1.36217948718, 0.0, 0.0200320512821, 0.0, 0.240384615385, 0.0, 0.0, 0.0, 0.0, 0.0, 0.0, 0.0, 0.0
MOZART-SonataOpus-1778.mid, MOZART, 1.62025316456, 0.58034903222, 2, 0, 0.0943396226415, 0.0, 0.0, 0.11320754717, 0.0566037735849, 0.169811320755, 0.0188679245283, 0.22641509434, 0.188679245283, 0.0377358490566, 0.0943396226415, 0.0, 0.0, 0.114754098361, 0.0737704918033, 0.00819672131148, 0.377049180328, 0.0, 0.0573770491803, 0.0, 0.0901639344262, 0.188524590164, 0.0, 0.0901639344262, 40, 66, 12, 4.97333333333, 3.86082317072, 0.0, 0.0, 0.0, 0.0, 0.0, 0.0, 0.0, 0.0, 0.0, 0.197072072072, 0.605292792793, 0.0563063063063, 0.337837837838, 0.0844594594595, 0.647522522523, 0.154842342342, 0.0, 0.0, 0.0, 0.0, 0.0, 0.0, 0.0, 0.0, 0.0
HANDEL-Preludio-1759.mid, HANDEL, 0.990740740741, 0.192227217519, 2, 0, 0.0, 0.0, 0.0, 0.333333333333, 0.0, 0.0, 0.0, 0.666666666667, 0.0, 0.0, 0.0, 0.0, 0.00947867298578, 0.0900473933649, 0.184834123223, 0.0, 0.104265402844, 0.161137440758, 0.0, 0.127962085308, 0.0, 0.194312796209, 0.0521327014218, 0.0758293838863, 38, 73, 7, 0.0805687203791, 0.707543416361, 0.0, 0.0, 0.0, 0.0, 0.0, 0.00996810207337, 0.00996810207337, 0.0199362041467, 0.00996810207337, 0.0598086124402, 0.0498405103668, 0.0, 1.6846092504, 0.0299043062201, 0.129585326954, 0.0498405103668, 0.0199362041467, 0.0, 0.0, 0.00996810207337, 0.0, 0.0, 0.0, 0.0, 0.0
JOPLIN-MapleLeafRag-1899.mid, JOPLIN, 2.34125636672, 0.764678067672, 4, 0, 0.258887876026, 0.0, 0.00182315405652, 0.102096627165, 0.190519598906, 0.121239744758, 0.100273473108, 0.0273473108478, 0.0127620783956, 0.126709206928, 0.0583409298086, 0.0, 0.115804806992, 0.0932265112891, 0.0349599417334, 0.206117989803, 0.0218499635834, 0.0713765477058, 0.0291332847779, 0.0524399126001, 0.219227967953, 0.0291332847779, 0.0873998543336, 0.0393299344501, 32, 73, 12, 9.76869565217, 3.20060769277, 0.0, 0.0, 0.0, 0.0, 0.0, 0.0, 0.0, 0.0, 0.010907504363, 0.0, 0.0509016870273, 0.0, 1.95971495055, 0.0, 0.0509016870273, 0.0, 0.010907504363, 0.0, 0.0, 0.0, 0.0, 0.0, 0.0, 0.0, 0.0
BEETHOVEN-SixVariations-1809.mid, BEETHOVEN, 1.61199294533, 0.799733694622, 4, 0, 0.181127982646, 0.0, 0.00216919739696, 0.22125813449, 0.224511930586, 0.0368763557484, 0.0357917570499, 0.0347071583514, 0.08568329718, 0.177874186551, 0.0, 0.0, 0.0110529377545, 0.100639906923, 0.204188481675, 0.0, 0.137289121582, 0.00930773705643, 0.205351948807, 0.0814426992437, 0.0110529377545, 0.136707388016, 0.021524141943, 0.0814426992437, 52, 91, 12, 4.37595419847, 4.41673107654, 0.0, 0.0, 0.00796685787126, 0.0, 0.00597514340344, 0.0, 0.0119502868069, 0.00796685787126, 0.0239005736138, 0.0577597195666, 0.0657265774379, 0.0358508604207, 1.67901529637, 0.00597514340344, 0.0617431485022, 0.0298757170172, 0.0577597195666, 0.0, 0.0, 0.0199171446781, 0.0, 0.00199171446781, 0.00995857233907, 0.0, 0.0
CHOPIN-MazurkaOp33No1-1838.mid, CHOPIN, 1.74603174603, 0.853903343258, 3, 0, 0.125, 0.0, 0.0729166666667, 0.177083333333, 0.151041666667, 0.104166666667, 0.130208333333, 0.0677083333333, 0.0572916666667, 0.114583333333, 0.0, 0.0, 0.00344827586207, 0.11724137931, 0.0206896551724, 0.179310344828, 0.11724137931, 0.0137931034483, 0.113793103448, 0.0275862068966, 0.165517241379, 0.00344827586207, 0.0965517241379, 0.141379310345, 59, 83, 12, 4.12834224599, 4.55678361687, 0.0, 0.0, 0.0, 0.0, 0.0227686703097, 0.0, 0.068306010929, 0.0, 0.0, 0.375683060109, 0.0455373406193, 0.170765027322, 0.808287795993, 0.113843351548, 0.113843351548, 0.0, 0.261839708561, 0.0, 0.0569216757741, 0.0227686703097, 0.0227686703097, 0.0, 0.0, 0.0, 0.0
BURGMULLER-LaGracieuse-1874.mid, BURG, 1.73611111111, 0.912765266703, 3, 0, 0.0, 0.0131578947368, 0.0921052631579, 0.210526315789, 0.157894736842, 0.0526315789474, 0.0789473684211, 0.118421052632, 0.0394736842105, 0.0, 0.236842105263, 0.0, 0.248, 0.016, 0.088, 0.0, 0.056, 0.16, 0.024, 0.216, 0.0, 0.064, 0.104, 0.024, 41, 65, 10, 4.37313432836, 4.22089974456, 0.0, 0.0, 0.0315656565657, 0.0, 0.0, 0.0, 0.0, 0.0315656565657, 0.441919191919, 0.0, 0.0631313131313, 0.0, 1.13636363636, 0.0, 0.0631313131313, 0.0, 0.157828282828, 0.0315656565657, 0.0, 0.0, 0.126262626263, 0.0, 0.0, 0.0, 0.0
BACH-Chorale-1784.mid, BACH, 1.95890410959, 0.258465236495, 2, 0, 0.197183098592, 0.0422535211268, 0.0281690140845, 0.183098591549, 0.140845070423, 0.0422535211268, 0.0140845070423, 0.225352112676, 0.0422535211268, 0.0140845070423, 0.056338028169, 0.0140845070423, 0.169491525424, 0.0, 0.279661016949, 0.0, 0.0762711864407, 0.0, 0.0423728813559, 0.169491525424, 0.0, 0.0932203389831, 0.0, 0.169491525424, 42, 64, 20, 12.875, 4.65754316495, 0.0293427230047, 0.0, 0.0, 0.0, 0.0, 0.0, 0.0, 0.0, 0.0, 0.0293427230047, 0.410798122066, 0.0, 1.2323943662, 0.0293427230047, 0.293427230047, 0.0, 0.0586854460094, 0.0, 0.0, 0.0, 0.0, 0.0, 0.0, 0.0, 0.0
BEETHOVEN-PreludeOp55-1787.mid, BEETHOVEN, 1.41649484536, 0.566901582828, 3, 0, 0.0542986425339, 0.0226244343891, 0.0316742081448, 0.171945701357, 0.122171945701, 0.0950226244344, 0.0995475113122, 0.0769230769231, 0.117647058824, 0.113122171946, 0.0814479638009, 0.0135746606335, 0.145557655955, 0.062381852552, 0.0680529300567, 0.130434782609, 0.0340264650284, 0.141776937618, 0.0321361058601, 0.0964083175803, 0.119092627599, 0.0226843100189, 0.115311909263, 0.0321361058601, 50, 84, 17, 3.00209643606, 4.21761254302, 0.0, 0.0, 0.0, 0.0, 0.0, 0.00437675070028, 0.0, 0.00875350140056, 0.0262605042017, 0.0218837535014, 0.0218837535014, 0.00437675070028, 1.90388655462, 0.0131302521008, 0.0218837535014, 0.00875350140056, 0.0393907563025, 0.00437675070028, 0.0, 0.00437675070028, 0.0, 0.0, 0.0, 0.0, 0.0
JOPLIN-ABreezeFromAlabama-1902.mid, JOPLIN, 1.88823529412, 0.96825030365, 4, 0, 0.124859392576, 0.0, 0.0472440944882, 0.146231721035, 0.182227221597, 0.199100112486, 0.0674915635546, 0.0269966254218, 0.0551181102362, 0.114735658043, 0.0359955005624, 0.0, 0.24606918239, 0.0330188679245, 0.0345911949686, 0.064465408805, 0.119496855346, 0.108490566038, 0.0220125786164, 0.154874213836, 0.0463836477987, 0.0856918238994, 0.0361635220126, 0.0487421383648, 29, 67, 20, 5.29384615385, 4.91416717799, 0.0, 0.0, 0.0, 0.0, 0.0, 0.0, 0.0, 0.0, 0.0257201646091, 0.0257201646091, 0.0675154320988, 0.0, 1.83577674897, 0.0096450617284, 0.073945473251, 0.0160751028807, 0.0289351851852, 0.0, 0.0, 0.0, 0.0, 0.0, 0.0, 0.0, 0.0
SCHUMANN-op68n01_melodie-1848.mid, SCHUMANN, 1.06086956522, 0.422969965461, 2, 0, 0.0, 0.0, 0.0, 0.142857142857, 0.285714285714, 0.142857142857, 0.285714285714, 0.0, 0.142857142857, 0.0, 0.0, 0.0, 0.203389830508, 0.0, 0.169491525424, 0.0, 0.118644067797, 0.118644067797, 0.0169491525424, 0.118644067797, 0.0, 0.101694915254, 0.0, 0.152542372881, 66, 81, 8, 0.666666666667, 1.81557051537, 0.0, 0.0, 0.0, 0.0, 0.0, 0.0, 0.0, 0.0, 0.0, 0.0, 0.294811320755, 0.0, 1.53301886792, 0.0, 0.235849056604, 0.0, 0.0196540880503, 0.0, 0.0, 0.0, 0.0, 0.0, 0.0, 0.0, 0.0
CHOPIN-Ballade1Op23-1836.mid, CHOPIN, 1.48513598988, 0.969784073126, 4, 0, 0.174409748667, 0.002284843869, 0.036557501904, 0.156892612338, 0.0830159939071, 0.115003808073, 0.111195734958, 0.0837776085301, 0.0906321401371, 0.0891089108911, 0.036557501904, 0.020563594821, 0.0840909090909, 0.0272727272727, 0.143636363636, 0.120909090909, 0.0727272727273, 0.0645454545455, 0.0536363636364, 0.132272727273, 0.0590909090909, 0.0772727272727, 0.132727272727, 0.0318181818182, 22, 87, 19, 4.08831710709, 5.29700519788, 0.0, 0.00145078922934, 0.00145078922934, 0.00290157845868, 0.00290157845868, 0.0072539461467, 0.0116063138347, 0.0275649953575, 0.0232126276695, 0.0333681522748, 0.127669452182, 0.0101555246054, 1.57120473538, 0.0232126276695, 0.139275766017, 0.0159586815227, 0.0232126276695, 0.0377205199629, 0.0101555246054, 0.00580315691736, 0.00290157845868, 0.00290157845868, 0.00145078922934, 0.0, 0.0
MOZART-MarcheFunebre-1784.mid, MOZART, 1.51724137931, 0.724958484194, 2, 0, 0.947368421053, 0.0, 0.0, 0.0263157894737, 0.0263157894737, 0.0, 0.0, 0.0, 0.0, 0.0, 0.0, 0.0, 0.181818181818, 0.0227272727273, 0.0227272727273, 0.193181818182, 0.0, 0.0909090909091, 0.0, 0.295454545455, 0.0454545454545, 0.0, 0.0568181818182, 0.0909090909091, 31, 68, 12, 8.78, 5.20495917371, 0.0425170068027, 0.0, 0.0, 0.0, 0.0, 0.0425170068027, 0.0, 0.0, 0.0850340136054, 0.212585034014, 0.0850340136054, 0.127551020408, 1.14795918367, 0.0, 0.0425170068027, 0.0425170068027, 0.170068027211, 0.0, 0.0425170068027, 0.0, 0.0, 0.0, 0.0425170068027, 0.0, 0.0
CHOPIN-NocturneNo3-1832.mid, CHOPIN, 1.0632805995, 0.287384881833, 5, 0, 0.555555555556, 0.0777777777778, 0.0, 0.0444444444444, 0.0444444444444, 0.0333333333333, 0.0111111111111, 0.0888888888889, 0.0, 0.0222222222222, 0.0555555555556, 0.0666666666667, 0.021612635079, 0.136325852037, 0.0332502078138, 0.0415627597672, 0.069825436409, 0.0756442227764, 0.186201163757, 0.0931005818786, 0.0515378221114, 0.0423940149626, 0.0831255195345, 0.165419783874, 35, 69, 22, 0.645781119465, 2.68443503818, 0.0, 0.0, 0.0, 0.00174629784856, 0.0, 0.0, 0.0, 0.00174629784856, 0.0, 0.00349259569712, 0.00523889354568, 0.00174629784856, 2.06237775915, 0.0, 0.0, 0.0, 0.0, 0.00349259569712, 0.00174629784856, 0.0, 0.0, 0.00174629784856, 0.0, 0.0, 0.0
HANDEL-Gavotte-1759.mid, HANDEL, 1.0375, 0.293417364858, 2, 0, 0.4, 0.0, 0.0, 0.0, 0.0, 0.0, 0.0, 0.0, 0.4, 0.0, 0.2, 0.0, 0.0759493670886, 0.0126582278481, 0.20253164557, 0.0, 0.177215189873, 0.0, 0.0886075949367, 0.215189873418, 0.0, 0.126582278481, 0.0, 0.101265822785, 36, 62, 12, 0.641025641026, 2.4908775046, 0.0, 0.0, 0.0, 0.0, 0.0, 0.0, 0.0, 0.0, 0.0, 0.0, 0.0274122807018, 0.0, 2.02850877193, 0.0, 0.0274122807018, 0.0, 0.0, 0.0, 0.0, 0.0, 0.0, 0.0, 0.0, 0.0, 0.0
BURGMULLER-LAdieu-1874.mid, BURG, 1.14977973568, 0.666728117902, 4, 0, 0.0, 0.0, 0.0, 0.342857142857, 0.185714285714, 0.171428571429, 0.0428571428571, 0.1, 0.114285714286, 0.0, 0.0428571428571, 0.0, 0.183908045977, 0.00766283524904, 0.141762452107, 0.00766283524904, 0.210727969349, 0.122605363985, 0.0, 0.0842911877395, 0.0498084291188, 0.149425287356, 0.0, 0.0421455938697, 45, 69, 10, 1.00961538462, 2.38180277678, 0.0, 0.0, 0.0, 0.0, 0.0, 0.0202265372168, 0.0101132686084, 0.0202265372168, 0.0, 0.0404530744337, 0.0606796116505, 0.0, 1.72936893204, 0.0, 0.0809061488673, 0.0707928802589, 0.0404530744337, 0.0101132686084, 0.0, 0.0, 0.0, 0.0, 0.0, 0.0, 0.0
HANDEL-Menuet03-1759.mid, HANDEL, 1.07462686567, 0.314497126951, 2, 0, 0.0, 0.0, 0.333333333333, 0.5, 0.0, 0.0, 0.0, 0.166666666667, 0.0, 0.0, 0.0, 0.0, 0.159420289855, 0.0, 0.101449275362, 0.0, 0.231884057971, 0.0434782608696, 0.0, 0.0724637681159, 0.0289855072464, 0.217391304348, 0.0, 0.144927536232, 36, 64, 7, 0.30303030303, 1.08669218649, 0.0, 0.0320512820513, 0.0, 0.0, 0.0, 0.0, 0.0, 0.0, 0.0, 0.0, 0.128205128205, 0.0, 1.82692307692, 0.0, 0.0961538461538, 0.0, 0.0, 0.0, 0.0, 0.0, 0.0, 0.0, 0.0, 0.0, 0.0
BURGMULLER-TendreFleu-1874.mid, BURG, 1.00943396226, 0.465716794234, 2, 0, 0.0, 0.0, 0.0, 0.0, 0.5, 0.0, 0.0, 0.0, 0.0, 0.0833333333333, 0.416666666667, 0.0, 0.0, 0.0934579439252, 0.11214953271, 0.0, 0.168224299065, 0.0, 0.158878504673, 0.18691588785, 0.018691588785, 0.18691588785, 0.0, 0.0747663551402, 52, 71, 10, 0.873684210526, 2.52249711392, 0.0221631205674, 0.0, 0.0, 0.0, 0.0, 0.0, 0.0, 0.0221631205674, 0.221631205674, 0.0443262411348, 0.0443262411348, 0.0, 1.46276595745, 0.0, 0.0, 0.0443262411348, 0.155141843972, 0.0221631205674, 0.0443262411348, 0.0, 0.0, 0.0, 0.0, 0.0, 0.0
BACH-WTK_Fuga2-1750.mid, BACH, 1.07692307692, 0.368487781473, 2, 0, 0.037037037037, 0.0, 0.0, 0.555555555556, 0.333333333333, 0.037037037037, 0.0, 0.037037037037, 0.0, 0.0, 0.0, 0.0, 0.185606060606, 0.00757575757576, 0.128787878788, 0.109848484848, 0.00757575757576, 0.125, 0.00378787878788, 0.155303030303, 0.106060606061, 0.0265151515152, 0.0984848484848, 0.0454545454545, 36, 62, 12, 0.439330543933, 1.37349429599, 0.0, 0.0, 0.0, 0.0, 0.0, 0.00879043600563, 0.0, 0.0175808720113, 0.0263713080169, 0.0263713080169, 0.14064697609, 0.0, 1.63502109705, 0.0, 0.149437412096, 0.0263713080169, 0.0263713080169, 0.0175808720113, 0.0, 0.00879043600563, 0.0, 0.0, 0.0, 0.0, 0.0
JOPLIN-PineappleRag-1908.mid, JOPLIN, 1.09117082534, 1.09979005656, 4, 0, 0.239002932551, 0.0, 0.033724340176, 0.0527859237537, 0.205278592375, 0.153958944282, 0.0659824046921, 0.0278592375367, 0.0425219941349, 0.130498533724, 0.0483870967742, 0.0, 0.0566959921799, 0.0166177908113, 0.119257086999, 0.130987292278, 0.00488758553275, 0.216031280547, 0.0381231671554, 0.0684261974585, 0.0342130987292, 0.0439882697947, 0.251221896383, 0.019550342131, 34, 65, 21, 5.35524256651, 5.66243420195, 0.0, 0.0, 0.0, 0.0, 0.0, 0.0, 0.0, 0.00347801892042, 0.0, 0.0208681135225, 0.104340567613, 0.0, 1.82943795214, 0.00695603784085, 0.0869504730106, 0.0139120756817, 0.0139120756817, 0.00347801892042, 0.0, 0.0, 0.0, 0.0, 0.0, 0.0, 0.0
BURGMULLER-LaChasse-1874.mid, BURG, 1.62234042553, 0.984416260264, 3, 0, 0.0, 0.0, 0.0, 0.241935483871, 0.215053763441, 0.102150537634, 0.00537634408602, 0.236559139785, 0.161290322581, 0.0322580645161, 0.00537634408602, 0.0, 0.249180327869, 0.00655737704918, 0.108196721311, 0.0, 0.222950819672, 0.0360655737705, 0.0426229508197, 0.262295081967, 0.00327868852459, 0.0426229508197, 0.0, 0.0262295081967, 43, 67, 10, 4.1226993865, 3.5957933946, 0.0, 0.0, 0.0, 0.0, 0.0, 0.0, 0.0, 0.0646997929607, 0.0129399585921, 0.0129399585921, 0.491718426501, 0.0, 0.918737060041, 0.0129399585921, 0.478778467909, 0.0129399585921, 0.0, 0.0776397515528, 0.0, 0.0, 0.0, 0.0, 0.0, 0.0, 0.0
BURGMULLER-LaPastorale-1874.mid, BURG, 2.3738317757, 1.0278674456, 4, 0, 0.0, 0.0, 0.0865800865801, 0.229437229437, 0.238095238095, 0.0735930735931, 0.0519480519481, 0.255411255411, 0.04329004329, 0.021645021645, 0.0, 0.0, 0.079295154185, 0.0, 0.308370044053, 0.0, 0.0220264317181, 0.0176211453744, 0.0264317180617, 0.299559471366, 0.0, 0.0264317180617, 0.0132158590308, 0.20704845815, 43, 70, 9, 5.46534653465, 3.02649801362, 0.0, 0.0, 0.0, 0.0, 0.0, 0.0, 0.0, 0.0, 0.0210437710438, 0.399831649832, 0.0210437710438, 0.0, 1.19949494949, 0.0, 0.0, 0.399831649832, 0.0210437710438, 0.0210437710438, 0.0, 0.0, 0.0, 0.0, 0.0, 0.0, 0.0
BACH-FugueCmaj-1750.mid, BACH, 1.08873720137, 0.328887009055, 2, 0, 0.0333333333333, 0.0, 0.0333333333333, 0.166666666667, 0.133333333333, 0.233333333333, 0.0666666666667, 0.166666666667, 0.0333333333333, 0.1, 0.0333333333333, 0.0, 0.120805369128, 0.010067114094, 0.130872483221, 0.00335570469799, 0.161073825503, 0.120805369128, 0.0369127516779, 0.184563758389, 0.010067114094, 0.11744966443, 0.010067114094, 0.0939597315436, 36, 65, 16, 0.76124567474, 2.54816981038, 0.0, 0.0, 0.0, 0.0, 0.0, 0.00725900116144, 0.0, 0.0145180023229, 0.00725900116144, 0.0362950058072, 0.0362950058072, 0.0, 1.88008130081, 0.00725900116144, 0.0362950058072, 0.0145180023229, 0.0, 0.0362950058072, 0.00725900116144, 0.0, 0.0, 0.0, 0.0, 0.0, 0.0
MOZART-SonataOpusVar1-1778.mid, MOZART, 1.11111111111, 0.701375666288, 3, 0, 0.0277777777778, 0.0, 0.0277777777778, 0.166666666667, 0.166666666667, 0.166666666667, 0.0277777777778, 0.166666666667, 0.111111111111, 0.0833333333333, 0.0555555555556, 0.0, 0.0, 0.0769230769231, 0.0692307692308, 0.00769230769231, 0.369230769231, 0.0, 0.0692307692308, 0.0, 0.0615384615385, 0.3, 0.0, 0.0461538461538, 33, 66, 12, 1.9793814433, 3.23313827767, 0.0, 0.0, 0.0, 0.0, 0.0, 0.0, 0.0, 0.0217013888889, 0.0, 0.0217013888889, 0.130208333333, 0.0868055555556, 1.61675347222, 0.0217013888889, 0.108506944444, 0.0542534722222, 0.0217013888889, 0.0, 0.0, 0.0, 0.0, 0.0, 0.0, 0.0, 0.0
SCHUMANN-Op15No01-1900.mid, SCHUMANN, 1.40243902439, 0.816891133708, 3, 0, 0.0693069306931, 0.0, 0.019801980198, 0.108910891089, 0.138613861386, 0.039603960396, 0.039603960396, 0.316831683168, 0.118811881188, 0.108910891089, 0.039603960396, 0.0, 0.133333333333, 0.0333333333333, 0.241666666667, 0.0, 0.075, 0.0, 0.075, 0.183333333333, 0.0, 0.0916666666667, 0.0333333333333, 0.133333333333, 42, 64, 16, 5.16788321168, 4.95316656522, 0.0, 0.0, 0.0, 0.0, 0.0, 0.0, 0.0, 0.0, 0.0, 0.0, 0.994318181818, 0.0, 0.0, 0.142045454545, 0.923295454545, 0.0236742424242, 0.0, 0.0, 0.0, 0.0, 0.0, 0.0, 0.0, 0.0, 0.0
MOZART-GigueGmaj-1789.mid, MOZART, 1.18934911243, 0.729516450056, 4, 0, 0.3125, 0.0, 0.015625, 0.15625, 0.109375, 0.0625, 0.0625, 0.109375, 0.0625, 0.0625, 0.03125, 0.015625, 0.0890052356021, 0.0628272251309, 0.183246073298, 0.0366492146597, 0.0785340314136, 0.020942408377, 0.0680628272251, 0.178010471204, 0.0366492146597, 0.115183246073, 0.0471204188482, 0.0837696335079, 31, 69, 12, 2.49006622517, 4.47933821636, 0.0, 0.0, 0.0, 0.0, 0.0, 0.0, 0.0139821029083, 0.0279642058166, 0.0, 0.0139821029083, 0.0978747203579, 0.0139821029083, 1.73378076063, 0.0, 0.0978747203579, 0.0699105145414, 0.0, 0.0139821029083, 0.0, 0.0, 0.0, 0.0, 0.0, 0.0, 0.0
BEETHOVEN-Sonata_AllegroMolto-1795.mid, BEETHOVEN, 1.2041712404, 0.677394236775, 5, 0, 0.0654205607477, 0.01246105919, 0.0436137071651, 0.295950155763, 0.146417445483, 0.109034267913, 0.0872274143302, 0.0934579439252, 0.0342679127726, 0.0996884735202, 0.01246105919, 0.0, 0.192642787996, 0.0174249757986, 0.0706679574056, 0.132623426912, 0.0251694094869, 0.124878993224, 0.0242013552759, 0.184898354308, 0.0619554695063, 0.02807357212, 0.0997095837367, 0.0377541142304, 31, 73, 12, 1.25, 2.84253819051, 0.0, 0.0, 0.00243950039032, 0.0, 0.0, 0.00487900078064, 0.0146370023419, 0.0219555035129, 0.0, 0.0317135050742, 0.0365925058548, 0.00243950039032, 1.8393832943, 0.0146370023419, 0.0487900078064, 0.0219555035129, 0.00243950039032, 0.0268345042935, 0.00731850117096, 0.00731850117096, 0.0, 0.0, 0.0, 0.0, 0.0
MOZART-SonataCmaj-1771.mid, MOZART, 1.27272727273, 0.627018582056, 2, 0, 0.0701754385965, 0.0, 0.0, 0.0, 0.578947368421, 0.245614035088, 0.0175438596491, 0.0, 0.0877192982456, 0.0, 0.0, 0.0, 0.234693877551, 0.0, 0.0714285714286, 0.0, 0.122448979592, 0.0612244897959, 0.0357142857143, 0.290816326531, 0.0, 0.0408163265306, 0.0, 0.142857142857, 43, 67, 12, 2.12949640288, 2.91321605858, 0.0, 0.0, 0.0, 0.0, 0.0, 0.0456204379562, 0.0152068126521, 0.0152068126521, 0.0152068126521, 0.0, 0.0152068126521, 0.0, 1.8096107056, 0.0, 0.0760340632603, 0.0152068126521, 0.0152068126521, 0.0152068126521, 0.0152068126521, 0.0304136253041, 0.0, 0.0, 0.0, 0.0, 0.0
BACH-WTK_Prelude1-1750.mid, BACH, 0.866388308977, 0.358169936034, 3, 0, 0.0, 0.0, 0.0, 0.333333333333, 0.0, 0.333333333333, 0.0, 0.0, 0.333333333333, 0.0, 0.0, 0.0, 0.192771084337, 0.00963855421687, 0.122891566265, 0.00963855421687, 0.110843373494, 0.113253012048, 0.0289156626506, 0.209638554217, 0.0, 0.106024096386, 0.0192771084337, 0.0771084337349, 50, 81, 8, 0.0193704600484, 0.393177397195, 0.0, 0.0, 0.0, 0.0, 0.0, 0.0, 0.0, 0.0, 0.0, 0.329480940795, 0.0, 0.0, 1.42437145174, 0.0, 0.0, 0.329480940795, 0.0, 0.0, 0.0, 0.0, 0.0, 0.0, 0.0, 0.0, 0.0
DEBUSSY-Arabesque_2-1918.mid, DEBUSSY, 1.58333333333, 1.17253507465, 4, 0, 0.165261382799, 0.00674536256324, 0.0674536256324, 0.141652613828, 0.109612141653, 0.101180438449, 0.0387858347386, 0.172006745363, 0.0590219224283, 0.0691399662732, 0.0640809443508, 0.00505902192243, 0.0929899856938, 0.0143061516452, 0.143061516452, 0.0271816881259, 0.0672389127325, 0.0886981402003, 0.0643776824034, 0.22460658083, 0.0243204577969, 0.125894134478, 0.0114449213162, 0.115879828326, 29, 74, 36, 6.73697270471, 6.97000292047, 0.0, 0.0, 0.0, 0.0, 0.0, 0.015943877551, 0.0, 0.0265731292517, 0.00531462585034, 0.138180272109, 0.143494897959, 0.0265731292517, 1.36054421769, 0.0478316326531, 0.14880952381, 0.111607142857, 0.0106292517007, 0.0265731292517, 0.0106292517007, 0.0106292517007, 0.0, 0.0, 0.0, 0.0, 0.0
HANDEL-Allegro-1759.mid, HANDEL, 1.00847457627, 0.356436285505, 3, 0, 0.125, 0.0, 0.0416666666667, 0.166666666667, 0.166666666667, 0.0416666666667, 0.0, 0.166666666667, 0.125, 0.0833333333333, 0.0833333333333, 0.0, 0.129682997118, 0.0, 0.155619596542, 0.0, 0.158501440922, 0.146974063401, 0.0, 0.14121037464, 0.0028818443804, 0.152737752161, 0.0749279538905, 0.0374639769452, 33, 67, 12, 0.426865671642, 1.85919113286, 0.0, 0.0, 0.0, 0.0, 0.0, 0.0, 0.0187687687688, 0.0, 0.00625625625626, 0.025025025025, 0.118868868869, 0.00625625625626, 1.72672672673, 0.0, 0.137637637638, 0.00625625625626, 0.0125125125125, 0.0125125125125, 0.0125125125125, 0.0, 0.0, 0.0, 0.0, 0.0, 0.0
BURGMULLER-LaPetiteReunion-1874.mid, BURG, 1.13186813187, 0.578151491779, 2, 0, 0.0, 0.0, 0.0, 0.590909090909, 0.409090909091, 0.0, 0.0, 0.0, 0.0, 0.0, 0.0, 0.0, 0.242718446602, 0.0, 0.116504854369, 0.0, 0.0679611650485, 0.135922330097, 0.0, 0.165048543689, 0.0194174757282, 0.126213592233, 0.0, 0.126213592233, 48, 68, 4, 0.925925925926, 1.53781774015, 0.0, 0.0, 0.0, 0.0, 0.0, 0.0, 0.0, 0.0, 0.0791139240506, 0.0527426160338, 0.553797468354, 0.0, 0.922995780591, 0.0, 0.290084388186, 0.0263713080169, 0.0263713080169, 0.0263713080169, 0.105485232068, 0.0, 0.0, 0.0, 0.0, 0.0, 0.0
HANDEL-Menuet01-1759.mid, HANDEL, 1.25333333333, 0.464566703738, 2, 0, 1.0, 0.0, 0.0, 0.0, 0.0, 0.0, 0.0, 0.0, 0.0, 0.0, 0.0, 0.0, 0.191489361702, 0.0, 0.117021276596, 0.0, 0.127659574468, 0.223404255319, 0.0, 0.0851063829787, 0.0, 0.0957446808511, 0.159574468085, 0.0, 29, 60, 12, 3.24324324324, 5.3291924514, 0.0, 0.0, 0.0, 0.0, 0.0, 0.0, 0.0, 0.0, 0.0, 0.0, 0.0868055555556, 0.0, 1.90972222222, 0.0, 0.0868055555556, 0.0, 0.0, 0.0, 0.0, 0.0, 0.0, 0.0, 0.0, 0.0, 0.0
MOZART-SonataCmin-1784.mid, MOZART, 1.27931769723, 0.66820796155, 5, 0, 0.159151193634, 0.0, 0.0106100795756, 0.376657824934, 0.0716180371353, 0.0238726790451, 0.0371352785146, 0.0769230769231, 0.148541114058, 0.0397877984085, 0.0557029177719, 0.0, 0.150994575045, 0.0108499095841, 0.0958408679928, 0.175406871609, 0.0198915009042, 0.119349005425, 0.0162748643761, 0.206148282098, 0.0533453887884, 0.0216998191682, 0.0741410488246, 0.0560578661844, 30, 87, 24, 2.5041031653, 3.88782263943, 0.0, 0.0, 0.0, 0.0, 0.0, 0.00734430082256, 0.0, 0.0440658049354, 0.00979240109675, 0.0342734038386, 0.0832354093224, 0.039169604387, 1.65736388562, 0.00734430082256, 0.0758911084998, 0.0832354093224, 0.00979240109675, 0.0269291030161, 0.0, 0.00489620054837, 0.0, 0.0, 0.0, 0.0, 0.0
DEBUSSY-Prelude01-1910.mid, DEBUSSY, 3.58333333333, 1.40188365344, 6, 0, 0.207920792079, 0.00990099009901, 0.0655940594059, 0.0829207920792, 0.149752475248, 0.0915841584158, 0.039603960396, 0.139851485149, 0.0990099009901, 0.049504950495, 0.0507425742574, 0.0136138613861, 0.111111111111, 0.0555555555556, 0.0877192982456, 0.046783625731, 0.0350877192982, 0.219298245614, 0.00584795321637, 0.108187134503, 0.0350877192982, 0.102339181287, 0.143274853801, 0.0497076023392, 22, 76, 40, 17.6573426573, 10.3255436506, 0.0, 0.0, 0.0, 0.0, 0.0, 0.0, 0.0, 0.0150966183575, 0.0150966183575, 0.18115942029, 0.18115942029, 0.0452898550725, 1.2077294686, 0.0754830917874, 0.150966183575, 0.135869565217, 0.030193236715, 0.0452898550725, 0.0, 0.0, 0.0, 0.0, 0.0, 0.0, 0.0
BEETHOVEN-Sonata_Allegretto-1794.mid, BEETHOVEN, 1.2332155477, 0.57818949127, 2, 0, 0.0340909090909, 0.0, 0.0568181818182, 0.181818181818, 0.0795454545455, 0.284090909091, 0.0681818181818, 0.0568181818182, 0.0909090909091, 0.102272727273, 0.0454545454545, 0.0, 0.176291793313, 0.0516717325228, 0.0547112462006, 0.0516717325228, 0.0759878419453, 0.133738601824, 0.00911854103343, 0.115501519757, 0.0729483282675, 0.103343465046, 0.130699088146, 0.0243161094225, 56, 85, 12, 1.92720306513, 3.07356598855, 0.0, 0.0, 0.0, 0.0, 0.0490196078431, 0.00816993464052, 0.00816993464052, 0.016339869281, 0.0490196078431, 0.016339869281, 0.106209150327, 0.0326797385621, 1.49509803922, 0.00816993464052, 0.122549019608, 0.0245098039216, 0.0571895424837, 0.0245098039216, 0.00816993464052, 0.0571895424837, 0.0, 0.0, 0.0, 0.0, 0.0
HANDEL-Overture-1759.mid, HANDEL, 1.11923076923, 0.426541756247, 3, 0, 0.19512195122, 0.0, 0.0, 0.317073170732, 0.19512195122, 0.0243902439024, 0.0, 0.146341463415, 0.0731707317073, 0.0487804878049, 0.0, 0.0, 0.11149825784, 0.01393728223, 0.198606271777, 0.0557491289199, 0.0243902439024, 0.101045296167, 0.0209059233449, 0.16724738676, 0.0, 0.163763066202, 0.1393728223, 0.00348432055749, 38, 74, 12, 0.838582677165, 2.53509375633, 0.0, 0.0, 0.0, 0.0, 0.0082671957672, 0.0, 0.0, 0.0, 0.0082671957672, 0.0578703703704, 0.0744047619048, 0.0, 1.76091269841, 0.0165343915344, 0.107473544974, 0.0330687830688, 0.0165343915344, 0.0, 0.0, 0.0, 0.0, 0.0, 0.0, 0.0, 0.0
CHOPIN-EtudeCMoll-1828.mid, CHOPIN, 1.08588957055, 0.376026578589, 6, 0, 0.725490196078, 0.0, 0.00653594771242, 0.0326797385621, 0.0457516339869, 0.0588235294118, 0.0, 0.111111111111, 0.0130718954248, 0.00653594771242, 0.0, 0.0, 0.190947666195, 0.039603960396, 0.1414427157, 0.101838755304, 0.0219236209335, 0.100424328147, 0.0304101838755, 0.170438472419, 0.0777934936351, 0.01414427157, 0.0537482319661, 0.0572842998586, 24, 80, 36, 0.94858019954, 3.55804352593, 0.0, 0.0, 0.0, 0.0, 0.0, 0.0, 0.0, 0.0, 0.0, 0.00160133230848, 0.0192159877018, 0.0, 2.040097361, 0.00160133230848, 0.0192159877018, 0.0, 0.0, 0.0, 0.00160133230848, 0.0, 0.0, 0.0, 0.0, 0.0, 0.0
BEETHOVEN-RondoACapriccio-1795.mid, BEETHOVEN, 1.66299212598, 1.1413582517, 4, 0, 0.0973374072457, 0.0, 0.0667830641641, 0.195111305107, 0.165866433872, 0.108686163247, 0.0615451767787, 0.173286774334, 0.0419030990834, 0.0126582278481, 0.0218245307726, 0.0549978175469, 0.0883813306852, 0.0248262164846, 0.135054617676, 0.0496524329692, 0.0718305196955, 0.0324395895399, 0.0930155577623, 0.206223104932, 0.0390599139358, 0.0797749089705, 0.0446871896723, 0.135054617676, 29, 79, 21, 3.60684240045, 4.94169008641, 0.0, 0.00116975481939, 0.00233950963878, 0.00116975481939, 0.00233950963878, 0.0, 0.00233950963878, 0.0140370578327, 0.0491297024144, 0.0386019090399, 0.13335204941, 0.00233950963878, 1.57682949654, 0.0105277933745, 0.142710087966, 0.0339228897623, 0.0549784765113, 0.00701852891634, 0.00233950963878, 0.00233950963878, 0.00233950963878, 0.00116975481939, 0.00116975481939, 0.00116975481939, 0.0
SCHUMANN-op68n6_premier_chagrin-1848.mid, SCHUMANN, 1.22818791946, 0.676755042467, 4, 0, 0.0, 0.0, 0.0363636363636, 0.272727272727, 0.0727272727273, 0.0727272727273, 0.145454545455, 0.0727272727273, 0.109090909091, 0.145454545455, 0.0727272727273, 0.0, 0.153005464481, 0.0109289617486, 0.0437158469945, 0.0819672131148, 0.273224043716, 0.0109289617486, 0.0874316939891, 0.109289617486, 0.0, 0.0655737704918, 0.0, 0.16393442623, 55, 79, 10, 1.5, 3.13936837641, 0.0, 0.0, 0.0, 0.0, 0.0, 0.0, 0.0, 0.0297619047619, 0.0, 0.252976190476, 0.0297619047619, 0.0, 1.42857142857, 0.014880952381, 0.0595238095238, 0.238095238095, 0.0, 0.0297619047619, 0.0, 0.0, 0.0, 0.0, 0.0, 0.0, 0.0
JOPLIN-MagneticRag-1914.mid, JOPLIN, 1.69758812616, 0.783298369077, 5, 0, 0.0722394220846, 0.00825593395253, 0.0412796697626, 0.22600619195, 0.153766769866, 0.123839009288, 0.0815273477812, 0.0825593395253, 0.0928792569659, 0.0970072239422, 0.0165118679051, 0.00412796697626, 0.0922677063028, 0.0493827160494, 0.146198830409, 0.109811565952, 0.00974658869396, 0.157244964263, 0.0266406757635, 0.115659519168, 0.00779727095517, 0.0857699805068, 0.196231319038, 0.00324886289799, 53, 87, 31, 4.01802656546, 4.47665857609, 0.0, 0.00399488654522, 0.0, 0.0, 0.0339565356344, 0.00798977309044, 0.0119846596357, 0.0219718759987, 0.0259667625439, 0.0299616490892, 0.437440076702, 0.00399488654522, 0.876877596676, 0.0259667625439, 0.467401725791, 0.0279642058166, 0.0379514221796, 0.0139821029083, 0.00399488654522, 0.035953978907, 0.0159795461809, 0.0, 0.0, 0.0, 0.0
JOPLIN-SunFlowerSlowDrag-1901.mid, JOPLIN, 2.08443708609, 0.816523997256, 4, 0, 0.251131221719, 0.0, 0.0101809954751, 0.0803167420814, 0.193438914027, 0.135746606335, 0.0542986425339, 0.0542986425339, 0.012443438914, 0.127828054299, 0.0803167420814, 0.0, 0.0921366163622, 0.0166799046863, 0.125496425735, 0.138204924543, 0.0087370929309, 0.1850675139, 0.00953137410643, 0.0953137410643, 0.0508339952343, 0.0341540905481, 0.23669579031, 0.00714853057983, 29, 68, 12, 7.65391014975, 4.87310068998, 0.0, 0.0, 0.0, 0.0, 0.0, 0.0, 0.0, 0.00347801892042, 0.00347801892042, 0.0, 0.0765164162493, 0.0, 1.91638842515, 0.0, 0.0730383973289, 0.0, 0.00695603784085, 0.00347801892042, 0.0, 0.0, 0.0, 0.0, 0.0, 0.0, 0.0
SCHUMANN-Op15No07-1900.mid, SCHUMANN, 2.01754385965, 0.826984122764, 5, 0, 0.0705128205128, 0.00641025641026, 0.0384615384615, 0.0384615384615, 0.173076923077, 0.121794871795, 0.0128205128205, 0.275641025641, 0.0512820512821, 0.166666666667, 0.0192307692308, 0.025641025641, 0.202702702703, 0.0337837837838, 0.135135135135, 0.00675675675676, 0.0202702702703, 0.0945945945946, 0.0202702702703, 0.168918918919, 0.0, 0.182432432432, 0.108108108108, 0.027027027027, 34, 69, 19, 7.0990990991, 4.91908391632, 0.0404530744337, 0.0, 0.0202265372168, 0.0, 0.0, 0.0, 0.0404530744337, 0.0, 0.0404530744337, 0.182038834951, 0.242718446602, 0.0202265372168, 0.869741100324, 0.0, 0.303398058252, 0.141585760518, 0.121359223301, 0.0, 0.0, 0.0, 0.0, 0.0202265372168, 0.0404530744337, 0.0, 0.0
SCHUMANN-Op15No04-1900.mid, SCHUMANN, 1.12987012987, 0.744689412303, 3, 0, 0.037037037037, 0.0740740740741, 0.0, 0.0740740740741, 0.148148148148, 0.148148148148, 0.0, 0.0, 0.148148148148, 0.0740740740741, 0.222222222222, 0.0740740740741, 0.03125, 0.15625, 0.28125, 0.0625, 0.09375, 0.0, 0.0625, 0.0, 0.03125, 0.21875, 0.03125, 0.03125, 38, 63, 25, 3.60655737705, 5.22691235229, 0.0, 0.0347222222222, 0.0, 0.0, 0.0, 0.0, 0.0, 0.0, 0.0, 0.208333333333, 0.347222222222, 0.0347222222222, 0.972222222222, 0.0, 0.277777777778, 0.173611111111, 0.0347222222222, 0.0, 0.0, 0.0, 0.0, 0.0, 0.0, 0.0, 0.0
DEBUSSY-ClairDeLaLune-1905.mid, DEBUSSY, 2.0991902834, 0.877219194044, 4, 0, 0.160526315789, 0.0, 0.0394736842105, 0.178947368421, 0.15, 0.144736842105, 0.0407894736842, 0.0789473684211, 0.0565789473684, 0.117105263158, 0.025, 0.00789473684211, 0.0794078061911, 0.158815612382, 0.00134589502019, 0.138627187079, 0.0228802153432, 0.102288021534, 0.154777927322, 0.00134589502019, 0.1399730821, 0.0242261103634, 0.153432032301, 0.0228802153432, 53, 97, 24, 6.48832271762, 4.4601766493, 0.0, 0.0, 0.0, 0.0, 0.0, 0.00949126803341, 0.0284738041002, 0.0284738041002, 0.170842824601, 0.147114654518, 0.080675778284, 0.0332194381169, 1.00607441154, 0.128132118451, 0.109149582384, 0.132877752468, 0.113895216401, 0.0616932422172, 0.0332194381169, 0.0, 0.0, 0.0, 0.0, 0.0, 0.0
BACH-WTK_Fuga16-1750.mid, BACH, 1.3785488959, 0.534530462586, 2, 0, 0.1171875, 0.0234375, 0.0078125, 0.0859375, 0.09375, 0.078125, 0.078125, 0.1484375, 0.1484375, 0.09375, 0.125, 0.0, 0.132183908046, 0.00862068965517, 0.166666666667, 0.0977011494253, 0.0287356321839, 0.0862068965517, 0.0287356321839, 0.152298850575, 0.014367816092, 0.126436781609, 0.14367816092, 0.014367816092, 36, 65, 21, 4.44336569579, 6.06284746769, 0.0, 0.0, 0.0, 0.0, 0.0, 0.0136165577342, 0.0, 0.0476579520697, 0.0, 0.0068082788671, 0.42211328976, 0.0, 1.04847494553, 0.0340413943355, 0.456154684096, 0.0204248366013, 0.0136165577342, 0.0068082788671, 0.0068082788671, 0.0068082788671, 0.0, 0.0, 0.0, 0.0, 0.0
BEETHOVEN-Sonata_Allegro-1796.mid, BEETHOVEN, 1.03886639676, 0.802896786241, 4, 0, 0.217494089835, 0.016548463357, 0.0141843971631, 0.1536643026, 0.106382978723, 0.0921985815603, 0.0992907801418, 0.0756501182033, 0.0898345153664, 0.120567375887, 0.0141843971631, 0.0, 0.15797914996, 0.0320769847634, 0.0970328789094, 0.0328789093825, 0.101042502005, 0.144346431435, 0.0320769847634, 0.114675220529, 0.0336808340016, 0.109061748196, 0.0890136327185, 0.056134723336, 36, 89, 12, 1.78291457286, 3.91455338304, 0.0, 0.0, 0.0, 0.0, 0.0105645706558, 0.0232420554429, 0.0316937119675, 0.0169033130494, 0.0464841108857, 0.099306964165, 0.316937119675, 0.0422582826234, 0.908553076403, 0.0549357674104, 0.333840432725, 0.0971940500338, 0.0169033130494, 0.012677484787, 0.0169033130494, 0.0401453684922, 0.0, 0.012677484787, 0.00211291413117, 0.0, 0.0
BEETHOVEN-FurElise-1810.mid, BEETHOVEN, 0.984771573604, 0.620930670091, 3, 0, 0.041095890411, 0.0, 0.109589041096, 0.232876712329, 0.219178082192, 0.123287671233, 0.0821917808219, 0.191780821918, 0.0, 0.0, 0.0, 0.0, 0.069587628866, 0.0, 0.0309278350515, 0.0309278350515, 0.247422680412, 0.0386597938144, 0.0, 0.0644329896907, 0.0412371134021, 0.381443298969, 0.0644329896907, 0.0309278350515, 33, 76, 12, 0.807926829268, 2.1533435362, 0.0, 0.0, 0.00639059304703, 0.00639059304703, 0.0, 0.0575153374233, 0.0, 0.0, 0.230061349693, 0.0702965235174, 0.0255623721881, 0.00639059304703, 1.26533742331, 0.00639059304703, 0.0319529652352, 0.0639059304703, 0.23645194274, 0.00639059304703, 0.0, 0.0639059304703, 0.00639059304703, 0.0, 0.0, 0.0, 0.0
BACH-Sinfonia3-1750.mid, BACH, 1.71387283237, 0.45829985642, 2, 0, 0.0443548387097, 0.0241935483871, 0.0766129032258, 0.116935483871, 0.108870967742, 0.120967741935, 0.0766129032258, 0.120967741935, 0.0967741935484, 0.120967741935, 0.0725806451613, 0.0201612903226, 0.0339805825243, 0.101941747573, 0.111650485437, 0.0169902912621, 0.143203883495, 0.00728155339806, 0.155339805825, 0.111650485437, 0.0291262135922, 0.140776699029, 0.00485436893204, 0.143203883495, 55, 84, 25, 5.79130434783, 5.51755404563, 0.0, 0.0, 0.0, 0.0, 0.0, 0.0, 0.0, 0.0, 0.0, 0.0, 0.159783677483, 0.0, 1.76991150442, 0.0, 0.153638151426, 0.0, 0.0, 0.0, 0.0, 0.0, 0.0, 0.0, 0.0, 0.0, 0.0
SCHUMANN-Op15No03-1900.mid, SCHUMANN, 1.36274509804, 0.860793246637, 3, 0, 0.206349206349, 0.0, 0.031746031746, 0.15873015873, 0.0634920634921, 0.111111111111, 0.111111111111, 0.111111111111, 0.0793650793651, 0.0634920634921, 0.031746031746, 0.031746031746, 0.0782608695652, 0.00869565217391, 0.095652173913, 0.00869565217391, 0.226086956522, 0.00869565217391, 0.121739130435, 0.095652173913, 0.00869565217391, 0.0347826086957, 0.0434782608696, 0.269565217391, 36, 71, 23, 4.01123595506, 6.23418337015, 0.0, 0.0, 0.0, 0.0, 0.0, 0.0, 0.0, 0.0478927203065, 0.0478927203065, 0.0239463601533, 0.239463601533, 0.0, 1.31704980843, 0.0, 0.335249042146, 0.0239463601533, 0.0, 0.0478927203065, 0.0, 0.0, 0.0, 0.0, 0.0, 0.0, 0.0
BACH-Invention1-1750.mid, BACH, 0.987654320988, 0.192053693656, 3, 0, 0.0, 0.0, 0.0, 0.333333333333, 0.0, 0.333333333333, 0.0, 0.0, 0.333333333333, 0.0, 0.0, 0.0, 0.141666666667, 0.0125, 0.145833333333, 0.0, 0.1375, 0.104166666667, 0.0291666666667, 0.141666666667, 0.0208333333333, 0.1375, 0.00833333333333, 0.120833333333, 60, 84, 8, 0.0336134453782, 0.517472414062, 0.0, 0.0, 0.0, 0.0, 0.0, 0.070323488045, 0.0, 0.00879043600563, 0.0, 0.00879043600563, 0.0527426160338, 0.0, 1.78445850914, 0.00879043600563, 0.070323488045, 0.00879043600563, 0.0, 0.0, 0.0, 0.070323488045, 0.0, 0.0, 0.0, 0.0, 0.0
